{
  "project_info": {
    "project_number": "612751150329",
    "project_id": "friendly-eats-d28e3",
    "storage_bucket": "friendly-eats-d28e3.appspot.com"
  },
  "client": [
    {
      "client_info": {
        "mobilesdk_app_id": "1:612751150329:android:c365c08d80b040d094a628",
        "android_client_info": {
          "package_name": "com.google.firebase.example.fireeats"
        }
      },
      "oauth_client": [
        {
          "client_id": "612751150329-mh3t6v65ld54f6qj7q99m63vr7hi55b7.apps.googleusercontent.com",
          "client_type": 3
        }
      ],
      "api_key": [
        {
          "current_key": "AIzaSyCNb4fEClaCwHP8C9s3-iJ8CiGg-tsoG-U"
        }
      ],
      "services": {
        "appinvite_service": {
          "other_platform_oauth_client": [
            {
              "client_id": "612751150329-mh3t6v65ld54f6qj7q99m63vr7hi55b7.apps.googleusercontent.com",
              "client_type": 3
            }
          ]
        }
      }
    }
  ],
  "configuration_version": "1"
}